{
    "FELoss_Adam_32_51_12": {
        "batch_size": 32,
        "criterion": "FELoss",
        "epochs": {
            "train_loss": [
                0.14712981371885508,
                0.09453878500568333,
                0.08780589086276974,
                0.0838168990626857,
                0.08158279422726204,
                0.07989944140264645,
                0.07880656893054644,
                0.07777809460290629,
                0.07709985393567464,
                0.07628111963100101,
                0.0755170908214441,
                0.07468481536083553
            ],
            "train_psnr": [
                57.623471172056725,
                62.32931255906359,
                65.44326564381863,
                66.92822505972335,
                67.5144191429737,
                67.82033812785478,
                68.02568381176582,
                68.18113504760987,
                68.2968790541741,
                68.44285114923613,
                68.54399528487086,
                68.63777178755115
            ],
            "valid_loss": [
                0.09818968312844398,
                0.09023919068868198,
                0.0847203123811928,
                0.08220818109573826,
                0.08105497615086654,
                0.07986038219597605,
                0.07843920830932874,
                0.07822486410834013,
                0.07906222117266484,
                0.07757760770618916,
                0.07638143468648195,
                0.07567734265374759
            ],
            "valid_psnr": [
                61.22098615781725,
                64.70093859831766,
                66.84408449734748,
                68.51493805112054,
                68.37397478203415,
                69.13527245773489,
                68.86219116926368,
                68.80427322053691,
                67.91693012464755,
                68.61469649117014,
                68.99197961434365,
                68.86896726682592
            ]
        },
        "kernel_size": 51,
        "number_parameters": 15397464,
        "optimizer": "Adam",
        "test_results": {
            "test_loss": 0.07594165294935369,
            "test_psnr": 68.84377831787353
        },
        "total_epoche": 12
    }
}