{
    "FELoss_Adam_32_51_12": {
        "batch_size": 32,
        "criterion": "FELoss",
        "epochs": {
            "train_loss": [
                0.109867579708645,
                0.09026009118675593,
                0.08468713114288316,
                0.08240191216640805,
                0.08101396919482975,
                0.07998334251307136,
                0.0791926604412978,
                0.07857786045590444,
                0.07808792563664972,
                0.07767597114046415,
                0.07736211803866856,
                0.07695389564209316
            ],
            "train_psnr": [
                66.96608497274957,
                68.58021595715766,
                68.96572448544396,
                69.11465228208532,
                69.20329357785558,
                69.27318192866164,
                69.31534779751921,
                69.35100352105117,
                69.3967573765897,
                69.40984846878025,
                69.44167244670801,
                69.48264486669345
            ],
            "valid_loss": [
                0.09431267260677284,
                0.08608031502023103,
                0.08378500622948484,
                0.08132467176469546,
                0.08091936522119102,
                0.07976385386335472,
                0.07957438006997108,
                0.07889953600094905,
                0.07864951337909415,
                0.07815865344471401,
                0.07788778359573038,
                0.07773098612706812
            ],
            "valid_psnr": [
                69.15238388200312,
                67.28840585639803,
                67.99176458808806,
                69.22881763714048,
                68.56840051168088,
                68.53585980013878,
                68.43824991223114,
                68.2291923323249,
                68.29806923051852,
                68.54586578943277,
                68.24881306654842,
                68.70494687153726
            ]
        },
        "kernel_size": 51,
        "number_parameters": 21675452,
        "optimizer": "Adam",
        "test_results": {
            "test_loss": 0.07794306804514994,
            "test_psnr": 68.67624456801836
        },
        "total_epoche": 12
    }
}