{
    "MSELoss_Adam_32_51_12": {
        "batch_size": 32,
        "criterion": "MSELoss",
        "epochs": {
            "train_loss": [
                0.022653644635291095,
                0.007241581591189056,
                0.006413888319659589,
                0.006013824180954724,
                0.005731641446745292,
                0.005531405997624741,
                0.0054050235629118796,
                0.005269617072552146,
                0.005183785108719669,
                0.005096046498453069,
                0.0050218246253995015,
                0.0049548670174600325
            ],
            "train_psnr": [
                67.04609308780975,
                69.6033250467155,
                70.13783683828707,
                70.42475951737508,
                70.63917673421945,
                70.79916512212277,
                70.9015365836971,
                71.0142834992624,
                71.0879139289741,
                71.16173517129101,
                71.22536723591583,
                71.2831525209121
            ],
            "valid_loss": [
                0.007955211009608493,
                0.006552496610859793,
                0.0060339923643152275,
                0.005740847077316767,
                0.005598839418593025,
                0.005428568329772956,
                0.00525867001297662,
                0.005178524464893613,
                0.005090392059794376,
                0.005077365268435743,
                0.004960618576862746,
                0.004931112664515182
            ],
            "valid_psnr": [
                69.17064556615173,
                70.03054557822632,
                70.39692467389835,
                70.62027014183546,
                70.73297829499444,
                70.87162309471762,
                71.01307456327041,
                71.08222011788295,
                71.1586212565944,
                71.16415311593961,
                71.26795322508042,
                71.29425126212541
            ]
        },
        "kernel_size": 51,
        "number_parameters": 15397464,
        "optimizer": "Adam",
        "test_results": {
            "test_loss": 0.004980329838640703,
            "test_psnr": 71.25629518861614
        },
        "total_epoche": 12
    }
}