{
    "MSELoss_Adam_32_51_12": {
        "batch_size": 32,
        "criterion": "MSELoss",
        "epochs": {
            "train_loss": [
                0.006769449499653495,
                0.00555076344860764,
                0.005344454757174227,
                0.005204395361161277,
                0.005091446655019377,
                0.00500683684263434,
                0.004920744322314488,
                0.004862583678827357,
                0.0047949657650358645,
                0.004723642892505399,
                0.004672794901205236,
                0.0046256516585172856
            ],
            "train_psnr": [
                70.12343878386055,
                70.79066442229373,
                70.95577699230304,
                71.07399270756723,
                71.16832416477727,
                71.24121450748336,
                71.31661752113793,
                71.36845732139945,
                71.42907378318041,
                71.49462978745323,
                71.54128169329391,
                71.58629418698821
            ],
            "valid_loss": [
                0.00550976988585991,
                0.005258190417884006,
                0.005163124846553223,
                0.004990320875390713,
                0.004975457439228656,
                0.0049126386681261165,
                0.004853695192159937,
                0.004825865641968059,
                0.004763670203771206,
                0.004744916353263848,
                0.004804440281568243,
                0.0046965577898340095
            ],
            "valid_psnr": [
                70.80650298842475,
                71.01309214230376,
                71.094033140156,
                71.24495916833116,
                71.2577466251349,
                71.31136319468892,
                71.36366409400593,
                71.38612356649568,
                71.44569365774754,
                71.46105619782853,
                71.40268963434713,
                71.50858990355387
            ]
        },
        "kernel_size": 51,
        "number_parameters": 21675452,
        "optimizer": "Adam",
        "test_results": {
            "test_loss": 0.004751399567255833,
            "test_psnr": 71.46264938615454
        },
        "total_epoche": 12
    }
}